{
  "name": "RAG Pipeline & Chatbot",
  "nodes": [
    {
      "parameters": {
        "pollTimes": {
          "item": [
            {
              "mode": "everyMinute"
            }
          ]
        },
        "triggerOn": "specificFolder",
        "folderToWatch": {
          "__rl": true,
          "value": "13Jb8VYcWcHopCIu0UuAUbpFaoGIv9xPc",
          "mode": "list",
          "cachedResultName": "FAQ",
          "cachedResultUrl": "https://drive.google.com/drive/folders/13Jb8VYcWcHopCIu0UuAUbpFaoGIv9xPc"
        },
        "event": "fileCreated",
        "options": {}
      },
      "type": "n8n-nodes-base.googleDriveTrigger",
      "typeVersion": 1,
      "position": [
        0,
        0
      ],
      "id": "a58402ee-4a20-489d-80be-8d37a10d9504",
      "name": "Google Drive Trigger",
      "credentials": {
        "googleDriveOAuth2Api": {
          "id": "pPJhJHWHzC7y9EiL",
          "name": "noelethan.dev"
        }
      }
    },
    {
      "parameters": {
        "operation": "download",
        "fileId": {
          "__rl": true,
          "value": "={{ $json.id }}",
          "mode": "id"
        },
        "options": {}
      },
      "type": "n8n-nodes-base.googleDrive",
      "typeVersion": 3,
      "position": [
        220,
        0
      ],
      "id": "1071fe28-62f5-4eed-8735-090c4c8dde9f",
      "name": "Google Drive",
      "credentials": {
        "googleDriveOAuth2Api": {
          "id": "pPJhJHWHzC7y9EiL",
          "name": "noelethan.dev"
        }
      }
    },
    {
      "parameters": {
        "mode": "insert",
        "pineconeIndex": {
          "__rl": true,
          "value": "n8n-demo",
          "mode": "list",
          "cachedResultName": "n8n-demo"
        },
        "options": {
          "pineconeNamespace": "FAQ"
        }
      },
      "type": "@n8n/n8n-nodes-langchain.vectorStorePinecone",
      "typeVersion": 1.2,
      "position": [
        440,
        0
      ],
      "id": "15388a38-51a2-41fe-91d8-9081549430c3",
      "name": "Pinecone Vector Store",
      "credentials": {
        "pineconeApi": {
          "id": "RISzstkF1a9LKckd",
          "name": "PineconeApi account"
        }
      }
    },
    {
      "parameters": {
        "options": {}
      },
      "type": "@n8n/n8n-nodes-langchain.embeddingsOpenAi",
      "typeVersion": 1.2,
      "position": [
        340,
        260
      ],
      "id": "3b8685a3-4716-4e48-bd89-fd58b7aa1ea7",
      "name": "Embeddings OpenAI",
      "credentials": {
        "openAiApi": {
          "id": "RH5njRgSr0kxwZMD",
          "name": "OpenAi account 3"
        }
      }
    },
    {
      "parameters": {
        "dataType": "binary",
        "options": {}
      },
      "type": "@n8n/n8n-nodes-langchain.documentDefaultDataLoader",
      "typeVersion": 1,
      "position": [
        560,
        280
      ],
      "id": "bab3f0d2-80c6-475b-b7a1-4ca72506c0e7",
      "name": "Default Data Loader"
    },
    {
      "parameters": {
        "options": {}
      },
      "type": "@n8n/n8n-nodes-langchain.textSplitterRecursiveCharacterTextSplitter",
      "typeVersion": 1,
      "position": [
        660,
        500
      ],
      "id": "13524167-23d8-459b-ae53-2e8979db0aeb",
      "name": "Recursive Character Text Splitter"
    },
    {
      "parameters": {
        "options": {}
      },
      "type": "@n8n/n8n-nodes-langchain.agent",
      "typeVersion": 2,
      "position": [
        1120,
        60
      ],
      "id": "baf366b3-46ab-4056-9366-6338fc17e793",
      "name": "AI Agent"
    },
    {
      "parameters": {
        "options": {}
      },
      "type": "@n8n/n8n-nodes-langchain.chatTrigger",
      "typeVersion": 1.1,
      "position": [
        920,
        60
      ],
      "id": "33cb5b73-4773-4972-ad84-719fea729483",
      "name": "When chat message received",
      "webhookId": "300417c2-a68e-436e-a720-e636e024b5a4"
    },
    {
      "parameters": {
        "options": {}
      },
      "type": "@n8n/n8n-nodes-langchain.lmChatOpenRouter",
      "typeVersion": 1,
      "position": [
        1040,
        320
      ],
      "id": "bab69510-aaf1-4ae6-b580-da0ac7cb4756",
      "name": "OpenRouter Chat Model",
      "credentials": {
        "openRouterApi": {
          "id": "5Zb3FvePg1U7gkr0",
          "name": "OpenRouter account"
        }
      }
    },
    {
      "parameters": {
        "mode": "retrieve-as-tool",
        "toolName": "blazing_knowledgebase",
        "toolDescription": "Call this tool to access the policy and FAQ database",
        "pineconeIndex": {
          "__rl": true,
          "value": "n8n-demo",
          "mode": "list",
          "cachedResultName": "n8n-demo"
        },
        "topK": 5,
        "options": {
          "pineconeNamespace": "FAQ"
        }
      },
      "type": "@n8n/n8n-nodes-langchain.vectorStorePinecone",
      "typeVersion": 1.2,
      "position": [
        1200,
        380
      ],
      "id": "4e6e81b3-2429-4bef-80be-9935c468eaff",
      "name": "Pinecone Vector Store1",
      "credentials": {
        "pineconeApi": {
          "id": "RISzstkF1a9LKckd",
          "name": "PineconeApi account"
        }
      }
    },
    {
      "parameters": {
        "options": {}
      },
      "type": "@n8n/n8n-nodes-langchain.embeddingsOpenAi",
      "typeVersion": 1.2,
      "position": [
        1200,
        620
      ],
      "id": "5063a55c-1823-4459-92c1-708caf988653",
      "name": "Embeddings OpenAI1",
      "credentials": {
        "openAiApi": {
          "id": "RH5njRgSr0kxwZMD",
          "name": "OpenAi account 3"
        }
      }
    }
  ],
  "pinData": {},
  "connections": {
    "Google Drive Trigger": {
      "main": [
        [
          {
            "node": "Google Drive",
            "type": "main",
            "index": 0
          }
        ]
      ]
    },
    "Google Drive": {
      "main": [
        [
          {
            "node": "Pinecone Vector Store",
            "type": "main",
            "index": 0
          }
        ]
      ]
    },
    "Embeddings OpenAI": {
      "ai_embedding": [
        [
          {
            "node": "Pinecone Vector Store",
            "type": "ai_embedding",
            "index": 0
          }
        ]
      ]
    },
    "Default Data Loader": {
      "ai_document": [
        [
          {
            "node": "Pinecone Vector Store",
            "type": "ai_document",
            "index": 0
          }
        ]
      ]
    },
    "Recursive Character Text Splitter": {
      "ai_textSplitter": [
        [
          {
            "node": "Default Data Loader",
            "type": "ai_textSplitter",
            "index": 0
          }
        ]
      ]
    },
    "When chat message received": {
      "main": [
        [
          {
            "node": "AI Agent",
            "type": "main",
            "index": 0
          }
        ]
      ]
    },
    "OpenRouter Chat Model": {
      "ai_languageModel": [
        [
          {
            "node": "AI Agent",
            "type": "ai_languageModel",
            "index": 0
          }
        ]
      ]
    },
    "Pinecone Vector Store1": {
      "ai_tool": [
        [
          {
            "node": "AI Agent",
            "type": "ai_tool",
            "index": 0
          }
        ]
      ]
    },
    "Embeddings OpenAI1": {
      "ai_embedding": [
        [
          {
            "node": "Pinecone Vector Store1",
            "type": "ai_embedding",
            "index": 0
          }
        ]
      ]
    }
  },
  "active": false,
  "settings": {
    "executionOrder": "v1"
  },
  "versionId": "8ae037c5-df03-46b9-ba74-a6fc1a2015db",
  "meta": {
    "templateCredsSetupCompleted": true,
    "instanceId": "acc1a3df4c914c1bab2e85ec8883258a6ef44086c015c4ea89a20e89cbf16139"
  },
  "id": "a7WD8o6VfbfXd1cy",
  "tags": []
}